,Word,Probability
0,speech,-0.22153763070580088
1,immigrant,-0.13226402042535204
2,airline,-0.08479226498561744
3,missile,-0.07297529159633
4,school,-0.013353489883083472
