,Word,Probability
0,statue,-0.14937904009841588
1,planet,-0.1436321650884668
2,immigrant,-0.13226402042535204
3,clinton,-0.11117622535744855
4,mets,-0.10908424741364747
5,voter,-0.07737008955233812
6,cheney,-0.024551449699492574
