,Word,Probability
0,convention,-0.2445556313924936
1,speech,-0.22153763070580088
2,party,-0.19336969916928107
3,missile,-0.07297529159633
4,jones,-0.01706378539783092
