,Word,Probability
0,debate,0.4671585084138508
1,drug,0.269722596481194
2,doughnut,0.006042093577423297
