,Word,Probability
0,debate,0.4671585084138508
1,pressman,0.267083746326193
