,Word,Probability
0,pressman,0.267083746326193
1,defense,0.15255057222986265
2,tire,0.14918830536047664
3,judge,0.10257940596211286
4,campaign,0.058870271663632255
5,gore,0.00187218157912592
