,Word,Probability
0,convention,-0.2445556313924936
1,party,-0.19336969916928107
2,delegate,-0.18026760013699095
3,missile,-0.07297529159633
4,stock,-0.0063307171624487485
