,Word,Probability
0,debate,0.4671585084138508
1,oil,0.24000592562023643
2,bush,0.02037089961487877
3,teacher,0.018116499244389194
